Rk,Name,Tm,Age,G,GS,PassCmp,PassAtt,PassYds,PassTD,Int,RushAtt,RushYds,RushY/A,RushTD,RecTgt,Rec,RecYds,RecY/R,RecTD,Pos,FantPt,VBD,PosRank,OvRank
1,Adrian Peterson*+,MIN,27,16,16,0,0,0,0,0,348,2097,6.03,12,51,40,217,5.43,1,RB,307,177,1,1
2,Doug Martin*,TAM,23,16,16,0,0,0,0,0,319,1454,4.56,11,70,49,472,9.63,1,RB,263,132,2,2
3,Arian Foster*,HOU,26,16,16,0,0,0,0,0,351,1424,4.06,15,58,40,217,5.43,2,RB,262,132,3,3
4,Marshawn Lynch*+,SEA,26,16,15,0,0,0,0,0,315,1590,5.05,11,30,23,196,8.52,1,RB,247,116,4,4
5,Alfred Morris,WAS,24,16,16,0,0,0,0,0,335,1613,4.81,13,16,11,77,7.00,0,RB,241,111,5,5
6,Calvin Johnson*+,DET,27,16,16,0,0,0,0,0,0,0,,0,204,122,1964,16.10,5,WR,220,102,1,6
7,Brandon Marshall*+,CHI,28,16,16,0,0,0,0,0,1,-2,-2.00,0,192,118,1508,12.78,11,WR,217,98,2,7
8,Drew Brees*,NOR,33,16,16,422,670,5177,43,19,15,5,0.33,1,0,0,0,,0,QB,346,95,1,8
9,Aaron Rodgers*,GNB,29,16,16,371,552,4295,39,8,54,259,4.80,2,1,1,-1,-1.00,0,QB,344,93,2,9
10,Ray Rice*,BAL,25,16,16,0,0,0,0,0,257,1143,4.45,9,83,61,478,7.84,1,RB,222,92,6,10
11,Tom Brady*,NWE,35,16,16,401,637,4827,34,8,23,32,1.39,4,0,0,0,,0,QB,340,90,3,11
12,Dez Bryant,DAL,24,16,14,0,0,0,0,0,2,-5,-2.50,0,138,92,1382,15.02,12,WR,208,89,3,12
13,A.J. Green*,CIN,24,16,16,0,0,0,0,0,4,38,9.50,0,164,97,1350,13.92,11,WR,203,84,4,13
14,C.J. Spiller*,BUF,25,16,9,0,0,0,0,0,207,1244,6.01,6,57,43,459,10.67,2,RB,212,82,7,14
15,Demaryius Thomas*,DEN,25,16,16,0,0,0,0,0,0,0,,0,143,94,1434,15.26,10,WR,197,79,5,15
16,Jamaal Charles*,KAN,26,16,15,0,0,0,0,0,285,1509,5.29,5,49,35,236,6.74,1,RB,205,74,8,16
17,Trent Richardson,CLE,22,15,15,0,0,0,0,0,267,950,3.56,11,70,51,367,7.20,1,RB,204,73,9,17
18,Cam Newton,CAR,23,16,16,280,485,3869,19,12,127,741,5.83,8,1,0,6,,0,QB,323,73,4,18
19,Vincent Jackson*,TAM,29,16,16,0,0,0,0,0,0,0,,0,147,72,1384,19.22,8,WR,188,70,6,19
20,Stevan Ridley,NWE,23,16,12,0,0,0,0,0,290,1263,4.36,12,14,6,51,8.50,0,RB,199,69,10,20
21,Andre Johnson*,HOU,31,16,16,0,0,0,0,0,0,0,,0,162,112,1598,14.27,4,WR,186,67,7,21
22,Robert Griffin*,WAS,22,15,15,258,393,3200,20,5,120,815,6.79,7,1,0,0,,0,QB,318,67,5,22
23,Frank Gore*,SFO,29,16,16,0,0,0,0,0,258,1214,4.71,8,36,28,234,8.36,1,RB,197,66,11,23
24,Eric Decker,DEN,25,16,15,0,0,0,0,0,0,0,,0,122,85,1064,12.52,13,WR,184,66,8,24
25,Julio Jones*,ATL,23,16,15,0,0,0,0,0,6,30,5.00,0,128,79,1198,15.16,10,WR,183,64,9,25
26,Peyton Manning*+,DEN,36,16,16,400,583,4659,37,11,23,6,0.26,0,0,0,0,,0,QB,311,60,6,26
27,Roddy White,ATL,31,16,15,0,0,0,0,0,0,0,,0,142,92,1351,14.68,7,WR,177,59,10,27
28,Jimmy Graham,NOR,26,15,9,0,0,0,0,0,0,0,,0,135,85,982,11.55,9,TE,152,55,1,28
29,Matt Ryan*,ATL,27,16,16,422,615,4719,32,14,34,141,4.15,1,0,0,0,,0,QB,305,54,7,29
30,Wes Welker*,NWE,31,16,12,0,0,0,0,0,2,20,10.00,0,174,118,1354,11.47,6,WR,171,53,12,30
31,Marques Colston,NOR,29,16,13,0,0,0,0,0,0,0,,0,130,83,1154,13.90,10,WR,171,53,11,31
32,Victor Cruz*,NYG,26,16,16,0,0,0,0,0,0,0,,0,143,86,1092,12.70,10,WR,169,51,13,32
33,Matt Forte,CHI,27,15,15,0,0,0,0,0,248,1094,4.41,5,60,44,340,7.73,1,RB,177,47,12,33
34,Michael Crabtree,SFO,25,16,16,0,0,0,0,0,1,8,8.00,0,127,85,1105,13.00,9,WR,165,47,14,34
35,Rob Gronkowski*,NWE,23,11,11,0,0,0,0,0,0,0,,0,79,55,790,14.36,11,TE,143,46,2,35
36,Chris Johnson,TEN,27,16,15,0,0,0,0,0,276,1243,4.50,6,49,36,232,6.44,0,RB,176,45,13,36
37,Reggie Wayne*,IND,34,16,15,0,0,0,0,0,1,-5,-5.00,0,195,106,1355,12.78,5,WR,163,45,15,37
38,Tony Gonzalez*+,ATL,36,16,16,0,0,0,0,0,0,0,,0,124,93,930,10.00,8,TE,141,44,3,38
39,James Jones,GNB,28,16,16,0,0,0,0,0,0,0,,0,98,64,784,12.25,14,WR,162,44,16,39
40,Reggie Bush,MIA,27,16,16,0,0,0,0,0,227,986,4.34,6,52,35,292,8.34,2,RB,172,41,14,40
41,Shonn Greene,NYJ,27,16,14,0,0,0,0,0,276,1063,3.85,8,30,19,151,7.95,0,RB,167,37,15,41
42,Mike Williams,TAM,25,16,16,1,1,28,0,0,0,0,,0,126,63,996,15.81,9,WR,155,36,17,42
43,Heath Miller*,PIT,30,15,15,0,0,0,0,0,0,0,,0,101,71,816,11.49,8,TE,132,35,4,43
44,Steven Jackson,STL,29,16,16,0,0,0,0,0,258,1045,4.05,4,53,38,321,8.45,0,RB,163,32,16,44
45,Tony Romo,DAL,32,16,16,425,648,4903,28,19,30,49,1.63,1,1,1,-1,-1.00,0,QB,279,28,8,45
46,Russell Wilson*,SEA,24,16,16,252,393,3118,26,10,94,489,5.20,4,0,0,0,,0,QB,278,27,9,46
47,Michael Turner,ATL,30,16,16,0,0,0,0,0,222,800,3.60,10,30,19,128,6.74,1,RB,157,26,17,47
48,Andrew Luck*,IND,23,16,16,339,627,4374,23,18,62,255,4.11,5,0,0,0,,0,QB,276,26,10,48
49,Ahmad Bradshaw,NYG,26,14,12,0,0,0,0,0,221,1015,4.59,6,31,23,245,10.65,0,RB,156,26,18,49
50,Jason Witten*,DAL,30,16,16,0,0,0,0,0,0,0,,0,147,110,1039,9.45,3,TE,122,25,5,50
51,Matthew Stafford,DET,24,16,16,435,727,4967,20,17,35,126,3.60,4,1,1,3,3.00,0,QB,276,25,11,51
52,Randall Cobb,GNB,22,15,8,0,0,0,0,0,10,132,13.20,0,104,80,954,11.93,8,RB,155,24,19,52
53,Steve Smith,CAR,33,16,16,0,0,0,0,0,3,27,9.00,0,138,73,1174,16.08,4,WR,142,24,18,53
54,Lance Moore,NOR,29,15,7,0,0,0,0,0,0,0,,0,104,65,1041,16.02,6,WR,140,22,19,54
55,BenJarvus Green-Ellis,CIN,27,16,15,0,0,0,0,0,278,1094,3.94,6,30,22,104,4.73,0,RB,152,21,20,55
56,Steve Johnson,BUF,26,16,16,0,0,0,0,0,0,0,,0,148,79,1046,13.24,6,WR,139,20,20,56
57,Cecil Shorts,JAX,25,14,9,0,0,0,0,0,1,-4,-4.00,0,105,55,979,17.80,7,WR,138,19,21,57
58,Mikel Leshoure,DET,22,14,14,0,0,0,0,0,215,798,3.71,9,49,34,214,6.29,0,RB,149,19,21,58
59,Greg Olsen,CAR,27,16,16,0,0,0,0,0,0,0,,0,104,69,843,12.22,5,TE,114,17,6,59
60,Torrey Smith,BAL,23,16,16,0,0,0,0,0,3,9,3.00,0,110,49,855,17.45,8,WR,134,16,22,60
61,LeSean McCoy,PHI,24,12,12,0,0,0,0,0,200,840,4.20,2,67,54,373,6.91,3,RB,145,15,22,61
62,T.Y. Hilton,IND,23,15,1,0,1,0,0,0,5,29,5.80,0,90,50,861,17.22,7,WR,131,13,23,62
63,Dennis Pitta,BAL,27,16,5,0,0,0,0,0,0,0,,0,94,61,669,10.97,7,TE,109,12,7,63
64,Mike Wallace,PIT,26,15,14,0,0,0,0,0,5,7,1.40,0,119,64,836,13.06,8,WR,130,12,24,64
65,Darren Sproles,NOR,29,13,6,0,0,0,0,0,48,244,5.08,1,104,75,667,8.89,7,RB,141,11,23,65
66,Owen Daniels*,HOU,30,15,14,0,0,0,0,0,0,0,,0,104,62,716,11.55,6,TE,108,11,8,66
67,Miles Austin,DAL,28,16,15,0,0,0,0,0,0,0,,0,119,66,943,14.29,6,WR,128,10,25,67
68,Kyle Rudolph*,MIN,23,16,16,0,0,0,0,0,0,0,,0,93,53,493,9.30,9,TE,105,8,9,68
69,Brandon Myers,OAK,27,16,16,0,0,0,0,0,0,0,,0,105,79,806,10.20,4,TE,105,8,10,69
70,Jeremy Maclin,PHI,24,15,15,0,0,0,0,0,0,0,,0,122,69,857,12.42,7,WR,126,7,26,70
71,Jermaine Gresham*,CIN,24,16,15,0,0,0,0,0,0,0,,0,94,64,737,11.52,5,TE,102,5,11,71
72,Justin Blackmon,JAX,22,16,14,0,0,0,0,0,2,23,11.50,0,132,64,865,13.52,5,WR,121,2,27,72
73,Jordy Nelson,GNB,27,12,10,0,0,0,0,0,0,0,,0,73,49,745,15.20,7,WR,119,,28,73
74,Donnie Avery,IND,28,16,15,0,0,0,0,0,4,9,2.25,0,124,60,781,13.02,3,TE,97,,12,74
75,Andy Dalton,CIN,25,16,16,329,528,3669,27,16,47,120,2.55,4,0,0,0,,0,QB,251,,12,75
76,DeAngelo Williams,CAR,29,16,10,0,0,0,0,0,173,737,4.26,5,20,13,187,14.38,2,RB,130,,24,76
77,Eddie Williams,CLE,25,,,0,0,0,0,0,0,0,,0,,0,0,,0,,,,1,77
78,Anquan Boldin,BAL,32,15,15,0,0,0,0,0,1,3,3.00,0,112,65,921,14.17,4,WR,118,,29,78
79,Josh Freeman,TAM,24,16,16,306,558,4065,27,17,39,139,3.56,0,0,0,0,,0,QB,249,,13,
80,Joe Flacco,BAL,27,16,16,317,531,3817,22,10,32,22,0.69,3,0,0,0,,0,QB,235,,14,
81,Eli Manning*,NYG,31,16,16,321,536,3948,26,15,20,30,1.50,0,0,0,0,,0,QB,233,,15,
82,Sam Bradford,STL,25,16,16,328,551,3702,21,13,37,127,3.43,1,0,0,0,,0,QB,231,,16,
83,Matt Schaub*,HOU,31,16,16,350,544,4008,22,12,21,-9,-0.43,0,1,1,-6,-6.00,0,QB,225,,17,
84,Carson Palmer,OAK,33,15,15,345,565,4018,22,14,18,36,2.00,1,0,0,0,,0,QB,224,,18,
85,Ben Roethlisberger,PIT,30,13,13,284,449,3265,26,8,26,92,3.54,0,0,0,0,,0,QB,224,,19,
86,Ryan Fitzpatrick,BUF,30,16,16,306,505,3400,24,16,48,197,4.10,1,0,0,0,,0,QB,214,,20,
87,Philip Rivers,SDG,31,16,16,338,527,3606,26,15,27,40,1.48,0,1,0,0,,0,QB,208,,21,
88,Christian Ponder,MIN,24,16,16,300,483,2935,18,12,60,253,4.22,2,1,1,-15,-15.00,0,QB,193,,22,
89,Jay Cutler,CHI,29,15,15,255,434,3033,19,14,41,233,5.68,0,0,0,0,,0,QB,185,,23,
90,Ryan Tannehill,MIA,24,16,16,282,484,3294,12,13,49,211,4.31,2,0,0,0,,0,QB,183,,24,
91,Colin Kaepernick,SFO,25,13,7,136,218,1814,10,3,63,415,6.59,5,0,0,0,,0,QB,174,,25,
92,Brandon Weeden,CLE,29,15,15,297,517,3385,14,17,27,111,4.11,0,1,0,-9,,0,QB,166,,26,
93,Michael Vick,PHI,32,10,10,204,351,2362,12,10,62,332,5.35,1,0,0,0,,0,QB,152,,27,
94,Jake Locker,TEN,24,11,11,177,314,2176,10,11,41,291,7.10,1,1,0,0,,0,QB,132,,28,
95,Alex Smith,SFO,28,10,9,153,218,1737,13,5,31,132,4.26,0,0,0,0,,0,QB,123,,29,
96,Mark Sanchez,NYJ,26,15,15,246,453,2883,13,18,22,28,1.27,0,0,0,0,,0,QB,118,,30,
97,Sidney Rice,SEA,26,16,16,1,2,25,0,0,2,6,3.00,0,82,50,748,14.96,7,WR,118,,30,
98,Danny Woodhead,NWE,27,16,2,0,0,0,0,0,76,301,3.96,4,55,40,446,11.15,3,RB,117,,25,
99,Golden Tate,SEA,24,15,15,1,1,23,1,0,3,20,6.67,0,68,45,688,15.29,7,WR,116,,31,
100,Denarius Moore,OAK,24,15,15,0,0,0,0,0,1,-5,-5.00,0,114,51,741,14.53,7,WR,116,,32,
101,Brandon Lloyd,NWE,31,16,15,0,0,0,0,0,0,0,,0,131,74,911,12.31,4,WR,115,,33,
102,Vick Ballard,IND,22,16,12,0,0,0,0,0,211,814,3.86,2,27,17,152,8.94,1,RB,115,,26,
103,Willis McGahee,DEN,31,10,9,0,0,0,0,0,167,731,4.38,4,33,26,221,8.50,0,RB,113,,27,
104,Chad Henne,JAX,27,10,6,166,308,2084,11,11,19,64,3.37,1,0,1,-6,-6.00,0,QB,113,,31,
105,Brian Hartline,MIA,26,16,15,0,0,0,0,0,0,0,,0,131,74,1083,14.64,1,WR,112,,34,
106,DeMarco Murray,DAL,24,10,10,0,0,0,0,0,161,663,4.12,4,42,34,247,7.26,0,RB,111,,28,
107,Darren McFadden,OAK,25,12,12,0,0,0,0,0,216,707,3.27,2,63,42,258,6.14,1,RB,111,,29,
108,Malcom Floyd,SDG,31,14,14,0,0,0,0,0,0,0,,0,85,56,814,14.54,5,WR,111,,35,
109,Andre Roberts,ARI,24,15,15,0,0,0,0,0,4,29,7.25,0,114,64,759,11.86,5,WR,109,,36,
110,Josh Gordon,CLE,21,16,13,0,0,0,0,0,0,0,,0,96,50,805,16.10,5,WR,109,,37,
111,Danario Alexander,SDG,26,10,6,0,1,0,0,0,0,0,,0,62,37,658,17.78,7,WR,108,,38,
112,Antonio Brown,PIT,24,13,10,0,2,0,0,1,7,24,3.43,0,106,66,787,11.92,5,WR,105,,39,
113,Santana Moss,WAS,33,16,1,0,0,0,0,0,3,14,4.67,0,62,41,573,13.98,8,WR,105,,40,
114,Larry Fitzgerald*,ARI,29,16,16,0,0,0,0,0,0,0,,0,156,71,798,11.24,4,WR,104,,41,
115,Joique Bell,DET,26,16,0,0,0,0,0,0,82,414,5.05,3,68,52,485,9.33,0,RB,104,,30,
116,Brandon Gibson,STL,25,16,13,0,0,0,0,0,0,0,,0,82,51,691,13.55,5,WR,99,,43,
117,Percy Harvin,MIN,24,9,8,0,0,0,0,0,22,96,4.36,1,85,62,677,10.92,3,WR,99,,42,
118,Nate Washington,TEN,29,16,14,0,0,0,0,0,0,0,,0,89,46,746,16.22,4,WR,99,,44,
119,Ryan Mathews,SDG,25,12,9,0,0,0,0,0,184,707,3.84,1,56,39,252,6.46,0,RB,98,,31,
120,Andre Brown,NYG,26,10,2,0,0,0,0,0,73,385,5.27,8,17,12,86,7.17,0,RB,97,,32,
121,Antonio Gates,SDG,32,15,15,0,0,0,0,0,0,0,,0,80,49,538,10.98,7,TE,96,,13,
122,Dwayne Bowe,KAN,28,13,12,0,0,0,0,0,0,0,,0,114,59,801,13.58,3,WR,96,,45,
123,Pierre Thomas,NOR,28,15,4,0,0,0,0,0,105,473,4.50,1,53,39,354,9.08,1,RB,95,,33,
124,Brandon LaFell,CAR,26,14,12,0,0,0,0,0,3,35,11.67,0,76,44,677,15.39,4,WR,95,,46,
125,Blaine Gabbert,JAX,23,10,10,162,278,1662,9,6,18,56,3.11,0,0,0,0,,0,QB,94,,32,
126,Martellus Bennett,NYG,25,16,16,0,0,0,0,0,0,0,,0,89,55,626,11.38,5,TE,93,,14,
127,Mark Ingram,NOR,23,16,5,0,0,0,0,0,156,602,3.86,5,10,6,29,4.83,0,RB,93,,34,
128,Felix Jones,DAL,25,16,7,0,0,0,0,0,111,402,3.62,3,36,26,266,10.23,2,RB,93,,35,
129,Darrius Heyward-Bey,OAK,25,15,14,0,0,0,0,0,2,16,8.00,0,80,41,606,14.78,5,WR,92,,47,
130,Scott Chandler,BUF,27,15,13,0,0,0,0,0,0,0,,0,74,43,571,13.28,6,TE,91,,15,
131,Chris Givens,STL,23,15,12,0,0,0,0,0,3,12,4.00,0,80,42,698,16.62,3,WR,91,,49,
132,Jeremy Kerley,NYJ,24,16,7,1,1,42,0,0,5,8,1.60,0,95,56,827,14.77,2,WR,91,,48,
133,Knowshon Moreno,DEN,25,9,6,0,0,0,0,0,139,525,3.78,4,26,21,167,7.95,0,RB,91,,36,
134,Greg Little,CLE,23,16,16,0,0,0,0,0,2,15,7.50,0,94,53,647,12.21,4,WR,90,,50,
135,Jacquizz Rodgers,ATL,22,16,0,0,0,0,0,0,94,362,3.85,1,59,53,402,7.58,1,RB,88,,37,
136,Pierre Garcon,WAS,26,10,10,0,0,0,0,0,2,9,4.50,0,68,44,633,14.39,4,WR,88,,51,
137,Mike Tolbert,CAR,27,16,5,0,0,0,0,0,54,183,3.39,7,39,27,268,9.93,0,RB,87,,38,
138,Hakeem Nicks,NYG,24,13,11,0,0,0,0,0,0,0,,0,100,53,692,13.06,3,WR,87,,52,
139,Nick Foles,PHI,23,7,6,161,265,1699,6,5,11,42,3.82,1,0,0,0,,0,QB,86,,33,
140,Kevin Kolb,ARI,28,6,5,109,183,1169,8,3,16,100,6.25,1,0,0,0,,0,QB,85,,34,
141,Vernon Davis,SFO,28,16,16,0,0,0,0,0,0,0,,0,61,41,548,13.37,5,TE,85,,16,
142,Kendall Wright,TEN,23,15,5,0,0,0,0,0,1,4,4.00,0,104,64,626,9.78,4,WR,85,,53,
143,Brandon Stokley,DEN,36,15,9,0,0,0,0,0,0,0,,0,58,45,544,12.09,5,WR,84,,54,
144,Davone Bess,MIA,27,13,13,0,0,0,0,0,0,0,,0,104,61,778,12.75,1,WR,84,,55,
145,Marcel Reece*,OAK,27,16,14,0,0,0,0,0,59,271,4.59,0,73,52,496,9.54,1,RB,83,,39,
146,Kenny Britt,TEN,24,14,11,0,0,0,0,0,0,0,,0,90,45,589,13.09,4,WR,83,,57,
147,Danny Amendola,STL,27,11,8,0,0,0,0,0,2,8,4.00,0,101,63,666,10.57,3,WR,83,,56,
148,Bilal Powell,NYJ,24,14,2,0,0,0,0,0,110,437,3.97,4,36,17,140,8.24,0,RB,82,,40,
149,Jonathan Dwyer,PIT,23,13,6,0,0,0,0,0,156,623,3.99,2,25,18,106,5.89,0,RB,81,,42,
150,Fred Jackson,BUF,31,10,8,0,0,0,0,0,115,437,3.80,3,42,34,217,6.38,1,RB,81,,41,
151,DeSean Jackson,PHI,26,11,11,0,0,0,0,0,3,-7,-2.33,0,87,45,700,15.56,2,WR,81,,58,
152,Bryce Brown,PHI,21,16,4,0,0,0,0,0,115,564,4.90,4,19,13,56,4.31,0,RB,80,,43,
153,Matt Cassel,KAN,30,9,8,161,277,1796,6,12,27,145,5.37,1,0,0,0,,0,QB,80,,35,
154,Andrew Hawkins,CIN,26,14,2,0,0,0,0,0,6,30,5.00,0,80,51,533,10.45,4,WR,80,,59,
155,Aaron Hernandez,NWE,23,10,10,0,0,0,0,0,1,5,5.00,0,83,51,483,9.47,5,TE,79,,17,
156,Lance Kendricks,STL,24,16,14,0,0,0,0,0,0,0,,0,64,42,519,12.36,4,RB,78,,44,
157,Marcedes Lewis,JAX,28,16,15,0,0,0,0,0,0,0,,0,77,52,540,10.38,4,TE,78,,18,
158,Michael Bush,CHI,28,13,1,0,0,0,0,0,114,411,3.61,5,11,9,83,9.22,0,RB,77,,45,
159,Jermichael Finley,GNB,25,16,14,0,0,0,0,0,0,0,,0,87,61,667,10.93,2,TE,77,,19,
160,Rod Streater,OAK,24,16,2,0,0,0,0,0,0,0,,0,74,39,584,14.97,3,WR,76,,60,
161,Matt Hasselbeck,TEN,37,8,5,138,221,1367,7,5,13,38,2.92,0,0,0,0,,0,QB,76,,36,
162,Jared Cook,TEN,25,13,5,0,0,0,0,0,0,0,,0,73,44,523,11.89,4,TE,74,,20,
163,Leonard Hankerson,WAS,24,16,5,0,0,0,0,0,2,5,2.50,0,57,38,543,14.29,3,WR,73,,61,
164,Brent Celek,PHI,27,15,14,0,0,0,0,0,0,0,,0,88,57,684,12.00,1,TE,72,,21,
165,Dwayne Allen,IND,22,16,16,0,0,0,0,0,3,5,1.67,0,66,45,521,11.58,3,TE,71,,23,
166,Isaac Redman,PIT,28,14,5,0,0,0,0,0,110,410,3.73,2,23,19,244,12.84,0,RB,71,,46,
167,Brandon Pettigrew,DET,27,14,11,0,0,0,0,0,0,0,,0,102,59,567,9.61,3,TE,71,,22,
168,LaRod Stephens-Howling,ARI,25,14,5,0,0,0,0,0,111,357,3.22,4,30,17,106,6.24,0,RB,70,,47,
169,Domenik Hixon,NYG,28,13,3,0,0,0,0,0,0,0,,0,59,39,567,14.54,2,WR,69,,62,
170,Kevin Ogletree,DAL,25,15,1,0,0,0,0,0,2,9,4.50,0,55,32,436,13.63,4,WR,69,,63,
171,Daniel Thomas,MIA,25,12,0,0,0,0,0,0,91,325,3.57,4,22,15,156,10.40,0,RB,68,,48,
172,Jacob Tamme,DEN,27,16,8,0,0,0,0,0,0,0,,0,85,52,555,10.67,2,TE,68,,25,
173,Ben Watson,CLE,32,16,14,0,0,0,0,0,0,0,,0,82,49,501,10.22,3,TE,68,,24,
174,Donald Jones,BUF,25,12,10,0,0,0,0,0,0,0,,0,67,41,443,10.80,4,WR,68,,64,
175,Dallas Clark,TAM,33,16,7,0,0,0,0,0,0,0,,0,75,47,435,9.26,4,TE,68,,26,
176,David Wilson,NYG,21,16,2,0,0,0,0,0,71,358,5.04,4,9,4,34,8.50,1,RB,67,,49,
177,Joel Dreessen,DEN,30,16,15,0,0,0,0,0,0,0,,0,58,41,356,8.68,5,TE,66,,27,
178,Josh Morgan,WAS,27,16,15,0,1,0,0,0,3,25,8.33,0,73,48,510,10.63,2,WR,66,,66,
179,Michael Floyd,ARI,23,16,3,0,0,0,0,0,0,0,,0,86,45,562,12.49,2,WR,66,,65,
180,Jackie Battle,SDG,29,16,5,0,0,0,0,0,95,311,3.27,3,15,15,108,7.20,1,RB,66,,50,
181,Emmanuel Sanders,PIT,25,16,7,0,0,0,0,0,1,4,4.00,0,75,44,626,14.23,1,WR,65,,67,
182,Jason Avant,PHI,29,14,6,0,0,0,0,0,0,0,,0,76,53,648,12.23,0,WR,65,,68,
183,Anthony Fasano,MIA,28,16,16,0,0,0,0,0,0,0,,0,69,41,332,8.10,5,TE,65,,28,
184,Kevin Walter,HOU,31,16,14,0,0,0,0,0,0,0,,0,68,41,518,12.63,2,WR,64,,70,
185,Titus Young,DET,23,10,8,0,0,0,0,0,2,16,8.00,0,56,33,383,11.61,4,WR,64,,69,
186,Bernard Pierce,BAL,22,16,0,0,0,0,0,0,108,532,4.93,1,11,7,47,6.71,0,RB,64,,51,
187,Maurice Jones-Drew,JAX,27,6,5,0,0,0,0,0,86,414,4.81,1,18,14,86,6.14,1,RB,62,,52,
188,Shane Vereen,NWE,23,13,1,0,0,0,0,0,62,251,4.05,3,13,8,149,18.63,1,RB,62,,53,
189,Daryl Richardson,STL,22,16,0,0,0,0,0,0,98,475,4.85,0,36,24,163,6.79,0,RB,62,,54,
190,Randy Moss,SFO,35,16,2,0,0,0,0,0,0,0,,0,50,28,434,15.50,3,WR,61,,71,
191,Jonathan Stewart,CAR,25,9,6,0,0,0,0,0,93,336,3.61,1,23,17,157,9.24,1,RB,61,,55,
192,Greg Jennings,GNB,29,8,5,0,0,0,0,0,0,0,,0,62,36,366,10.17,4,WR,61,,72,
193,Ronnie Brown,SDG,31,14,1,0,0,0,0,0,46,220,4.78,0,59,49,371,7.57,0,RB,59,,56,
194,Donald Brown,IND,25,10,4,0,0,0,0,0,108,417,3.86,1,13,9,93,10.33,0,RB,59,,57,
195,Alex Green,GNB,24,12,4,0,0,0,0,0,135,464,3.44,0,30,18,125,6.94,0,RB,59,,58,
196,Zach Miller,SEA,27,16,15,0,0,0,0,0,0,0,,0,53,38,396,10.42,3,TE,58,,29,
197,Michael Jenkins,MIN,30,16,8,0,0,0,0,0,0,0,,0,72,40,449,11.23,2,WR,57,,73,
198,Tony Scheffler,DET,29,15,4,0,0,0,0,0,0,0,,0,85,42,504,12.00,1,TE,56,,30,
199,Joe Morgan,NOR,24,14,5,0,0,0,0,0,1,1,1.00,0,21,10,379,37.90,3,WR,56,,74,
200,Alshon Jeffery,CHI,22,10,6,0,0,0,0,0,0,0,,0,48,24,367,15.29,3,WR,55,,76,
201,Mario Manningham,SFO,26,12,10,0,0,0,0,0,3,64,21.33,0,57,42,449,10.69,1,WR,55,,75,
202,Doug Baldwin,SEA,24,14,4,0,0,0,0,0,0,0,,0,50,29,366,12.62,3,WR,55,,78,
203,Tiquan Underwood,TAM,25,14,3,0,0,0,0,0,1,1,1.00,0,55,28,425,15.18,2,WR,55,,77,
204,Beanie Wells,ARI,24,8,7,0,0,0,0,0,88,234,2.66,5,1,1,24,24.00,0,RB,54,,59,
205,Dexter McCluster,KAN,23,16,6,0,0,0,0,0,12,70,5.83,0,77,52,452,8.69,1,WR,54,,79,
206,Jeff Cumberland,NYJ,25,15,12,0,0,0,0,0,0,0,,0,53,29,359,12.38,3,WR,54,,80,
207,Robert Turbin,SEA,23,16,0,0,0,0,0,0,80,354,4.43,0,23,19,181,9.53,0,RB,54,,60,
208,Rashad Jennings,JAX,27,10,6,0,0,0,0,0,101,283,2.80,2,26,19,130,6.84,0,RB,53,,61,
209,Kendall Hunter,SFO,24,11,0,0,0,0,0,0,72,371,5.15,2,12,9,60,6.67,0,RB,53,,62,
210,James Casey,HOU,28,16,9,0,0,0,0,0,1,6,6.00,0,45,34,330,9.71,3,TE,52,,31,
211,Tony Moeaki,KAN,25,15,14,0,0,0,0,0,0,0,,0,56,33,453,13.73,1,TE,51,,32,
212,Delanie Walker,SFO,28,16,4,0,0,0,0,0,0,0,,0,39,21,344,16.38,3,TE,50,,33,
213,Austin Pettis,STL,24,14,2,0,0,0,0,0,0,0,,0,48,30,261,8.70,4,WR,50,,81,
214,Earl Bennett,CHI,25,12,4,0,0,0,0,0,0,0,,0,49,29,375,12.93,2,WR,50,,82,
215,Shaun Draughn,KAN,25,16,0,0,0,0,0,0,59,233,3.95,2,30,24,158,6.58,0,RB,49,,63,
216,Mike Goodson,OAK,25,12,0,0,0,0,0,0,35,221,6.31,0,16,16,195,12.19,1,RB,48,,64,
217,Mohamed Sanu,CIN,23,9,3,1,1,73,1,0,5,15,3.00,0,25,16,154,9.63,4,WR,48,,83,
218,Rueben Randle,NYG,21,16,1,0,0,0,0,0,0,0,,0,32,19,298,15.68,3,WR,48,,84,
219,Anthony McCoy,SEA,25,16,5,0,0,0,0,0,0,0,,0,28,18,291,16.17,3,TE,47,,34,
220,Jacoby Jones*+,BAL,28,16,3,0,0,0,0,0,1,6,6.00,0,55,30,406,13.53,1,WR,47,,85,
221,Justin Forsett,HOU,27,16,0,0,0,0,0,0,63,374,5.94,1,5,3,38,12.67,0,RB,47,,65,
222,Travis Benjamin,CLE,23,14,3,0,0,0,0,0,6,66,11.00,0,37,18,298,16.56,2,WR,46,,86,
223,Harry Douglas,ATL,28,15,1,0,0,0,0,0,2,4,2.00,0,59,38,396,10.42,1,WR,46,,87,
224,Brady Quinn,KAN,28,10,8,112,197,1141,2,8,19,66,3.47,0,1,0,0,,0,QB,44,,37,
225,Jarius Wright,MIN,23,7,1,0,0,0,0,0,2,11,5.50,0,36,22,310,14.09,2,WR,44,,88,
226,Julian Edelman,NWE,26,9,3,0,0,0,0,0,4,45,11.25,0,32,21,235,11.19,3,WR,44,,89,
227,Garrett Graham,HOU,26,15,9,0,0,0,0,0,0,0,,0,39,28,263,9.39,3,RB,44,,66,
228,Dustin Keller,NYJ,28,8,5,0,0,0,0,0,0,0,,0,36,28,317,11.32,2,TE,44,,35,
229,Nate Burleson,DET,31,6,5,0,0,0,0,0,8,48,6.00,0,43,27,240,8.89,2,WR,43,,94,
230,Ronnie Hillman,DEN,21,14,0,0,0,0,0,0,84,327,3.89,1,12,10,62,6.20,0,RB,43,,67,
231,Ben Tate,HOU,24,11,0,0,0,0,0,0,65,279,4.29,2,11,11,49,4.45,0,RB,43,,68,
232,Brad Smith,BUF,29,15,2,0,1,0,0,1,14,116,8.29,1,22,14,152,10.86,2,QB,43,,38,
233,Stephen Hill,NYJ,21,11,8,0,0,0,0,0,0,0,,0,47,21,252,12.00,3,WR,43,,90,
234,Aldrick Robinson,WAS,24,15,2,0,0,0,0,0,1,14,14.00,0,19,11,237,21.55,3,WR,43,,91,
235,Ryan Broyles,DET,24,10,3,0,0,0,0,0,0,0,,0,32,22,310,14.09,2,WR,43,,92,
236,Riley Cooper,PHI,25,11,5,0,0,0,0,0,0,0,,0,47,23,248,10.78,3,WR,43,,93,
237,Rob Housler,ARI,24,15,9,0,0,0,0,0,0,0,,0,68,45,417,9.27,0,TE,42,,36,
238,Brandon Bolden,NWE,22,10,0,0,0,0,0,0,56,274,4.89,2,2,2,11,5.50,0,RB,41,,70,
239,Cedric Benson,GNB,30,5,5,0,0,0,0,0,71,248,3.49,1,15,14,97,6.93,0,RB,41,,69,
240,Montell Owens,JAX,28,13,4,0,0,0,0,0,42,209,4.98,1,10,8,113,14.13,0,RB,40,,72,
241,Coby Fleener,IND,24,12,10,0,0,0,0,0,0,0,,0,48,26,281,10.81,2,TE,40,,37,
242,Louis Murphy,CAR,25,16,5,0,0,0,0,0,1,3,3.00,0,61,25,336,13.44,1,TE,40,,38,
243,Cedric Peerman,CIN,26,14,1,0,0,0,0,0,36,258,7.17,1,9,9,85,9.44,0,RB,40,,71,
244,Peyton Hillis,KAN,26,13,2,0,1,0,0,0,85,309,3.64,1,14,10,62,6.20,0,RB,39,,73,
245,T.J. Graham,BUF,23,15,11,0,0,0,0,0,1,5,5.00,0,58,31,322,10.39,1,WR,39,,97,
246,Devery Henderson,NOR,30,15,9,0,0,0,0,0,1,13,13.00,0,47,22,316,14.36,1,WR,39,,95,
247,Chaz Schilens,NYJ,27,15,6,0,0,0,0,0,0,0,,0,41,28,289,10.32,2,WR,39,,96,
248,Jonathan Baldwin,KAN,23,15,7,0,0,0,0,0,0,0,,0,47,20,325,16.25,1,WR,39,,98,
249,Tom Crabtree,GNB,27,14,6,0,0,0,0,0,0,0,,0,12,8,203,25.38,3,TE,38,,39,
250,Logan Paulsen,WAS,25,16,10,0,0,0,0,0,0,0,,0,38,25,308,12.32,1,TE,37,,40,
251,Lamar Miller,MIA,21,13,1,0,0,0,0,0,51,250,4.90,1,8,6,45,7.50,0,RB,36,,74,
252,Chris Ivory,NOR,24,6,2,0,0,0,0,0,40,217,5.43,2,3,2,15,7.50,0,RB,35,,75,
253,Montario Hardesty,CLE,25,14,1,0,0,0,0,0,65,271,4.17,1,5,2,16,8.00,0,RB,35,,77,
254,James Starks,GNB,26,6,2,0,0,0,0,0,71,255,3.59,1,6,4,31,7.75,0,RB,35,,78,
255,William Powell,ARI,24,13,1,0,0,0,0,0,59,216,3.66,0,25,19,132,6.95,0,RB,35,,76,
256,Craig Stevens,TEN,28,15,15,0,0,0,0,0,0,0,,0,33,23,275,11.96,1,TE,34,,41,
257,Toby Gerhart,MIN,25,16,0,0,0,0,0,0,50,169,3.38,1,27,20,155,7.75,0,RB,34,,79,
258,Kirk Cousins,WAS,24,3,1,33,48,466,4,3,3,22,7.33,0,0,0,0,,0,QB,33,,39,
259,Charles Clay,MIA,23,14,9,0,0,0,0,0,0,0,,0,33,18,212,11.78,2,RB,33,,81,
260,Fred Davis,WAS,26,7,7,0,0,0,0,0,1,1,1.00,0,31,24,325,13.54,0,TE,33,,43,
261,Kevin Smith,DET,26,13,2,0,0,0,0,0,37,134,3.62,1,16,10,79,7.90,1,RB,33,,80,
262,David Thomas,NOR,29,15,7,0,0,0,0,0,0,0,,0,17,11,86,7.82,4,TE,33,,44,
263,Kellen Davis,CHI,27,16,15,0,0,0,0,0,0,0,,0,44,19,229,12.05,2,TE,33,,42,
264,Armon Binns,2TM,23,11,5,0,0,0,0,0,0,0,,0,40,24,277,11.54,1,WR,32,,101,
265,Robert Meachem,SDG,28,15,3,0,0,0,0,0,1,-6,-6.00,0,32,14,207,14.79,2,WR,32,,100,
266,Delone Carter,IND,25,10,0,0,0,0,0,0,32,122,3.81,3,2,1,13,13.00,0,RB,32,,84,
267,Eddie Royal,SDG,26,10,2,0,0,0,0,0,3,22,7.33,0,44,23,234,10.17,1,WR,32,,102,
268,Evan Royster,WAS,25,16,0,0,0,0,0,0,23,88,3.83,2,23,15,109,7.27,0,RB,32,,83,
269,John Skelton,ARI,24,7,6,109,201,1132,2,9,4,5,1.25,0,0,0,0,,0,QB,32,,40,
270,Lance Ball,DEN,27,15,0,0,0,0,0,0,42,158,3.76,1,12,7,61,8.71,1,RB,32,,82,
271,Damian Williams,TEN,24,13,2,0,0,0,0,0,0,0,,0,45,30,324,10.80,0,WR,32,,99,
272,Jason Snelling,ATL,29,16,2,0,0,0,0,0,18,63,3.50,0,35,31,203,6.55,1,RB,31,,85,
273,Devin Hester,CHI,30,15,5,0,0,0,0,0,3,6,2.00,0,40,23,242,10.52,1,WR,31,,105,
274,Santonio Holmes,NYJ,28,4,4,0,0,0,0,0,0,0,,0,41,20,272,13.60,1,WR,31,,103,
275,Marvin Jones,CIN,22,11,5,0,0,0,0,0,3,47,15.67,0,32,18,201,11.17,1,WR,31,,104,
276,Michael Robinson,SEA,29,16,6,0,0,0,0,0,12,49,4.08,0,15,13,126,9.69,2,WR,30,,107,
277,Dwayne Harris,DAL,25,16,0,0,0,0,0,0,0,0,,0,31,17,222,13.06,1,WR,30,,106,
278,Jordan Cameron,CLE,24,14,6,0,0,0,0,0,0,0,,0,40,20,226,11.30,1,TE,29,,46,
279,Darrel Young,WAS,25,16,8,0,0,0,0,0,14,60,4.29,0,9,8,109,13.63,2,TE,29,,45,
280,DuJuan Harris,GNB,24,4,2,0,0,0,0,0,34,157,4.62,2,2,2,17,8.50,0,RB,29,,86,
281,Kyle Williams,SFO,24,11,3,0,0,0,0,0,4,21,5.25,0,22,14,212,15.14,1,WR,29,,108,
282,Clay Harbor,PHI,25,14,9,0,0,0,0,0,0,0,,0,39,25,186,7.44,2,RB,29,,87,
283,Rashard Mendenhall,PIT,25,6,4,0,0,0,0,0,51,182,3.57,0,10,9,62,6.89,1,RB,28,,88,
284,Jordan Shipley,2TM,27,7,2,0,0,0,0,0,0,0,,0,39,23,244,10.61,1,WR,28,,109,
285,Brian Quick,STL,23,15,1,0,0,0,0,0,0,0,,0,27,11,156,14.18,2,WR,28,,110,
286,LeGarrette Blount,TAM,26,13,0,0,0,0,0,0,41,151,3.68,2,2,1,2,2.00,0,RB,27,,89,
287,John Kuhn,GNB,30,14,3,0,0,0,0,0,23,63,2.74,1,18,15,148,9.87,0,RB,27,,91,
288,Ryan Grant,2TM,30,5,1,0,0,0,0,0,32,132,4.13,2,2,1,34,34.00,0,RB,27,,92,
289,Jorvorskie Lane,MIA,25,16,5,0,0,0,0,0,13,13,1.00,2,12,11,79,7.18,1,RB,27,,90,
290,Tashard Choice,BUF,28,12,0,0,0,0,0,0,47,193,4.11,1,9,4,9,2.25,0,RB,26,,94,
291,Chris Rainey,PIT,24,16,0,0,0,0,0,0,26,102,3.92,2,22,14,60,4.29,0,RB,26,,93,
292,Derek Hagan,OAK,28,14,2,0,0,0,0,0,0,0,,0,36,20,259,12.95,0,WR,26,,112,
293,Braylon Edwards,2TM,29,13,4,0,0,0,0,0,0,0,,0,35,18,199,11.06,1,WR,26,,113,
294,Micheal Spurlock,2TM,29,14,1,0,0,0,0,0,0,0,,0,,23,200,8.70,1,WR,26,,111,
295,Dante Rosario,SDG,28,13,2,0,0,0,0,0,0,0,,0,18,10,95,9.50,3,TE,26,,47,
296,Terrelle Pryor,OAK,23,3,1,14,30,155,2,1,10,51,5.10,1,1,1,22,22.00,0,QB,26,,41,
297,Mohamed Massaquoi,CLE,26,9,5,0,0,0,0,0,0,0,,0,33,17,254,14.94,0,WR,25,,114,
298,Jerome Simpson,MIN,26,12,10,0,0,0,0,0,0,0,,0,52,26,274,10.54,0,WR,25,,115,
299,Brandon Tate,CIN,25,16,3,0,0,0,0,0,1,0,0.00,0,25,13,211,16.23,1,WR,25,,116,
300,Vonta Leach*+,BAL,31,16,13,0,0,0,0,0,9,32,3.56,1,24,21,143,6.81,0,RB,24,,95,
301,Clyde Gates,NYJ,26,11,2,0,0,0,0,0,1,12,12.00,0,33,16,224,14.00,0,WR,24,,117,
302,Damaris Johnson,PHI,23,14,1,0,0,0,0,0,3,12,4.00,0,31,19,256,13.47,0,WR,23,,120,
303,Luke Stocker,TAM,24,16,11,0,0,0,0,0,0,0,,0,27,16,165,10.31,1,TE,23,,48,
304,Juron Criner,OAK,23,12,0,0,0,0,0,0,0,0,,0,33,16,151,9.44,1,WR,23,,119,
305,LaVon Brazill,IND,23,15,0,0,0,0,0,0,0,0,,0,24,11,186,16.91,1,WR,23,,121,
306,Ed Dickson,BAL,25,13,11,0,0,0,0,0,0,0,,0,33,21,225,10.71,0,TE,23,,49,
307,Laurent Robinson,JAX,27,7,4,0,0,0,0,0,0,0,,0,43,24,252,10.50,0,WR,23,,118,
308,Mike Thomas,2TM,25,16,4,0,0,0,0,0,7,57,8.14,0,40,18,108,6.00,1,WR,23,,122,
309,Jamie Harper,TEN,23,10,0,0,0,0,0,0,19,30,1.58,3,1,1,8,8.00,0,RB,22,,96,
310,Ramses Barden,NYG,26,12,1,0,0,0,0,0,0,0,,0,21,14,220,15.71,0,WR,22,,123,
311,Early Doucet,ARI,27,12,3,0,0,0,0,0,2,9,4.50,0,53,28,207,7.39,0,WR,22,,124,
312,Jacob Hester,DEN,27,3,0,0,0,0,0,0,17,81,4.76,2,1,1,7,7.00,0,RB,21,,98,
313,Will Heller,DET,31,16,5,0,0,0,0,0,0,0,,0,23,17,150,8.82,1,TE,21,,50,
314,Niles Paul,WAS,23,16,4,0,0,0,0,0,1,-1,-1.00,0,15,8,152,19.00,1,RB,21,,97,
315,Lestar Jean,HOU,24,14,1,0,0,0,0,0,0,0,,0,12,6,151,25.17,1,WR,21,,125,
316,Jerricho Cotchery,PIT,30,14,2,0,0,0,0,0,0,0,,0,27,17,205,12.06,0,WR,21,,126,
317,Will Johnson,PIT,23,16,7,0,0,0,0,0,2,7,3.50,0,26,15,137,9.13,1,RB,20,,99,
318,Jalen Parmele,JAX,27,11,2,0,0,0,0,0,40,143,3.58,0,9,7,60,8.57,0,RB,20,,100,
319,Chris Ogbonnaya,CLE,26,15,1,0,0,0,0,0,8,30,3.75,0,32,24,187,7.79,0,RB,20,,103,
320,Armando Allen,CHI,23,15,0,0,0,0,0,0,27,124,4.59,1,3,2,16,8.00,0,RB,20,,101,
321,Anthony Dixon,SFO,25,16,0,0,0,0,0,0,21,78,3.71,2,0,0,0,,0,RB,20,,102,
322,Donald Driver,GNB,37,13,1,0,0,0,0,0,0,0,,0,13,8,77,9.63,2,WR,20,,128,
323,Keshawn Martin,HOU,22,16,1,0,0,0,0,0,4,53,13.25,0,28,10,85,8.50,1,WR,20,,127,
324,Kris Durham,DET,24,4,3,0,0,0,0,0,0,0,,0,21,8,125,15.63,1,WR,19,,129,
325,Marlon Moore,MIA,25,14,2,0,0,0,0,0,1,9,9.00,0,5,6,116,19.33,1,WR,19,,130,
326,Curtis Brinkley,SDG,27,10,1,0,0,0,0,0,39,115,2.95,0,15,12,77,6.42,0,RB,19,,104,
327,Tandon Doss,BAL,23,14,0,0,0,0,0,0,0,0,,0,17,7,123,17.57,1,WR,18,,131,
328,Devin Aromashodu,MIN,28,15,0,0,0,0,0,0,0,0,,0,22,11,182,16.55,0,WR,18,,132,
329,Byron Leftwich,PIT,32,2,1,25,53,272,0,1,1,31,31.00,1,0,0,0,,0,QB,18,,43,
330,Tyrod Taylor,BAL,23,7,0,17,29,179,0,1,14,73,5.21,1,0,0,0,,0,QB,18,,42,
331,Joe McKnight,NYJ,24,15,0,0,0,0,0,0,30,179,5.97,0,2,1,18,18.00,0,RB,18,,105,
332,Brian Leonard,CIN,28,15,0,0,0,0,0,0,33,106,3.21,0,15,11,67,6.09,0,RB,17,,106,
333,Ryan Williams,ARI,22,5,3,0,0,0,0,0,58,164,2.83,0,10,7,44,6.29,0,RB,17,,108,
334,Jason Campbell,CHI,31,6,1,32,51,265,2,2,7,28,4.00,0,0,0,0,,0,QB,17,,44,
335,Jed Collins,NOR,26,15,7,0,0,0,0,0,0,0,,0,16,14,70,5.00,2,RB,17,,107,
336,Jeremy Stewart,OAK,23,4,0,0,0,0,0,0,25,101,4.04,0,8,8,62,7.75,0,RB,16,,109,
337,Shaun Hill,DET,32,1,0,10,13,172,2,0,1,-1,-1.00,0,0,0,0,,0,QB,15,,46,
338,Rishard Matthews,MIA,23,8,1,0,0,0,0,0,0,0,,0,20,11,151,13.73,0,WR,15,,133,
339,Charlie Batch,PIT,38,3,2,45,70,475,1,4,0,0,,0,0,0,0,,0,QB,15,,45,
340,Deion Branch,NWE,33,10,4,0,0,0,0,0,0,0,,0,29,16,145,9.06,0,WR,15,,134,
341,Danny Ware,TAM,27,16,1,0,0,0,0,0,11,51,4.64,0,20,14,100,7.14,0,RB,15,,113,
342,Dion Lewis,PHI,22,9,0,0,0,0,0,0,13,69,5.31,1,2,2,24,12.00,0,RB,15,,112,
343,Leon Washington*,SEA,30,16,0,0,0,0,0,0,23,83,3.61,1,8,4,31,7.75,0,RB,15,,111,
344,LaMichael James,SFO,23,4,0,0,0,0,0,0,27,125,4.63,0,5,3,29,9.67,0,RB,15,,110,
345,Gary Barnidge,CAR,27,16,5,0,0,0,0,0,0,0,,0,6,6,78,13.00,1,TE,14,,52,
346,Matthew Mulligan,STL,27,16,9,0,0,0,0,0,0,0,,0,12,8,84,10.50,1,TE,14,,51,
347,Baron Batch,PIT,25,12,0,0,0,0,0,0,25,49,1.96,1,5,4,31,7.75,0,RB,14,,115,
348,Erik Lorig,TAM,26,16,7,0,0,0,0,0,0,0,,0,19,12,83,6.92,1,RB,14,,114,
349,Jordan Norwood,CLE,26,2,0,0,0,0,0,0,1,1,1.00,0,19,13,137,10.54,0,WR,14,,135,
350,Brian Hoyer,ARI,27,2,1,30,53,330,1,2,1,6,6.00,0,0,0,0,,0,QB,14,,47,
351,Mewelde Moore,IND,30,9,0,0,0,0,0,0,13,20,1.54,0,8,6,77,12.83,1,RB,14,,116,
352,Jeff King,ARI,29,16,12,0,0,0,0,0,0,0,,0,29,17,129,7.59,0,TE,13,,54,
353,Stanley Havili,PHI,25,15,2,0,0,0,0,0,6,22,3.67,1,12,7,43,6.14,0,RB,13,,119,
354,Ryan Lindley,ARI,23,7,4,89,171,752,0,7,4,7,1.75,0,0,0,0,,0,QB,13,,48,
355,Kevin Boss,KAN,28,2,2,0,0,0,0,0,0,0,,0,3,3,65,21.67,1,TE,13,,55,
356,Lee Smith,BUF,25,16,7,0,0,0,0,0,0,0,,0,4,4,13,3.25,2,WR,13,,136,
357,Steve Smith,STL,27,9,2,0,0,0,0,0,0,0,,0,25,14,131,9.36,0,WR,13,,137,
358,Cole Beasley,DAL,23,10,0,0,0,0,0,0,0,0,,0,24,15,128,8.53,0,WR,13,,138,
359,Anthony Allen,BAL,24,16,0,0,0,0,0,0,16,61,3.81,1,4,2,12,6.00,0,RB,13,,117,
360,Henry Hynoski,NYG,24,16,11,0,0,0,0,0,5,20,4.00,0,15,11,50,4.55,1,RB,13,,118,
361,Leonard Pope,PIT,29,16,2,0,0,0,0,0,0,0,,0,4,3,9,3.00,2,TE,13,,53,
362,Keith Toston,JAX,25,6,1,0,0,0,0,0,17,74,4.35,0,4,3,41,13.67,0,RB,12,,120,
363,Lawrence Vickers,DAL,29,16,6,0,0,0,0,0,3,11,3.67,0,15,13,104,8.00,0,RB,12,,121,
364,Kealoha Pilares,CAR,24,8,0,0,0,0,0,0,1,17,17.00,0,4,2,42,21.00,1,WR,12,,141,
365,John Phillips,DAL,25,16,9,0,0,0,0,0,0,0,,0,10,8,55,6.88,1,TE,12,,56,
366,Armanti Edwards,CAR,24,16,0,0,1,0,0,0,0,0,,0,9,5,121,24.20,0,WR,12,,140,
367,Donte' Stallworth,NWE,32,1,0,0,0,0,0,0,0,0,,0,2,1,63,63.00,1,WR,12,,139,
368,Tim Tebow,NYJ,25,12,2,6,8,39,0,0,32,102,3.19,0,1,0,0,,0,QB,12,,49,
369,Greg McElroy,NYJ,24,2,1,19,31,214,1,1,8,30,3.75,0,0,0,0,,0,QB,12,,50,
370,Josh Cooper,CLE,23,6,0,0,0,0,0,0,0,0,,0,19,8,106,13.25,0,WR,11,,143,
371,Michael Hoomanawanui,NWE,24,14,6,0,0,0,0,0,0,0,,0,7,5,109,21.80,0,TE,11,,57,
372,Lance Dunbar,DAL,22,12,0,0,0,0,0,0,21,75,3.57,0,12,6,33,5.50,0,RB,11,,122,
373,Kevin Elliott,2TM,24,13,1,0,0,0,0,0,0,0,,0,,10,108,10.80,0,WR,11,,142,
374,Kyle Orton,DAL,30,1,0,9,10,89,1,0,0,0,,0,0,0,0,,0,QB,10,,52,
375,Stephen Burton,MIN,23,12,1,0,0,0,0,0,0,0,,0,11,5,35,7.00,1,WR,10,,147,
376,Phillip Tanner,DAL,24,14,0,0,0,0,0,0,25,61,2.44,0,5,4,41,10.25,0,RB,10,,124,
377,Bruce Miller,SFO,25,16,13,0,0,0,0,0,5,18,3.60,0,13,12,84,7.00,0,RB,10,,123,
378,Drew Davis,ATL,23,16,0,0,0,0,0,0,0,0,,0,5,4,40,10.00,1,WR,10,,146,
379,Thaddeus Lewis,CLE,27,1,1,22,32,204,1,1,1,3,3.00,0,0,0,0,,0,QB,10,,51,
380,Brian Robiskie,DET,25,6,0,0,0,0,0,0,0,0,,0,6,4,44,11.00,1,WR,10,,144,
381,Plaxico Burress,PIT,35,4,3,0,0,0,0,0,0,0,,0,7,3,42,14.00,1,WR,10,,145,
382,Orson Charles,CIN,21,16,6,0,0,0,0,0,0,0,,0,10,8,101,12.63,0,TE,10,,58,
383,Bear Pascoe,NYG,26,15,3,0,0,0,0,0,0,0,,0,9,4,35,8.75,1,TE,10,,59,
384,Richard Murphy,JAX,26,5,0,0,0,0,0,0,23,92,4.00,0,1,0,0,,0,RB,9,,125,
385,Matt Spaeth,CHI,29,16,8,0,0,0,0,0,0,0,,0,10,6,28,4.67,1,TE,9,,62,
386,David Ausberry,OAK,25,16,0,0,0,0,0,0,0,0,,0,12,7,92,13.14,0,TE,9,,61,
387,Matt Willis,DEN,28,15,0,0,0,0,0,0,0,0,,0,22,10,90,9.00,0,WR,9,,148,
388,Dorin Dickerson,BUF,24,12,0,0,0,0,0,0,1,-8,-8.00,0,15,9,117,13.00,0,RB,9,,126,
389,Colt McCoy,CLE,25,3,0,9,17,79,1,0,4,15,3.75,0,0,0,0,,0,QB,9,,54,
390,James Hanna,DAL,23,16,2,0,0,0,0,0,0,0,,0,11,8,86,10.75,0,TE,9,,63,
391,Todd Heap,ARI,32,3,1,0,0,0,0,0,0,0,,0,13,8,94,11.75,0,TE,9,,60,
392,Daniel Fells,NWE,29,13,4,0,0,0,0,0,0,0,,0,10,4,85,21.25,0,TE,9,,64,
393,Matt Moore,MIA,28,10,0,11,19,131,1,0,5,-3,-0.60,0,6,0,0,,0,QB,9,,53,
394,Michael Palmer,ATL,24,13,2,0,0,0,0,0,0,0,,0,6,6,22,3.67,1,TE,8,,66,
395,DeVier Posey,HOU,23,11,0,0,0,0,0,0,1,-3,-3.00,0,14,6,87,14.50,0,WR,8,,149,
396,Jason Hill,NYJ,27,4,0,0,0,0,0,0,0,0,,0,3,2,15,7.50,1,WR,8,,151,
397,Terrance Copper,KAN,30,15,0,0,0,0,0,0,1,1,1.00,0,12,8,79,9.88,0,WR,8,,150,
398,Konrad Reuland,NYJ,25,16,3,0,0,0,0,0,0,0,,0,16,11,83,7.55,0,TE,8,,65,
399,Nate Byham,TAM,24,11,2,0,0,0,0,0,0,0,,0,4,3,18,6.00,1,TE,8,,67,
400,Jamar Newsome,KAN,25,6,2,0,0,0,0,0,0,0,,0,16,5,73,14.60,0,WR,7,,153,
401,Jabar Gaffney,MIA,32,3,0,0,0,0,0,0,0,0,,0,10,4,68,17.00,0,WR,7,,155,
402,Steve Breaston,KAN,29,10,4,0,0,0,0,0,0,0,,0,15,7,74,10.57,0,WR,7,,152,
403,David Reed,BAL,25,5,0,0,0,0,0,0,0,0,,0,6,5,66,13.20,0,WR,7,,156,
404,Brandon Jackson,CLE,27,2,0,0,0,0,0,0,8,54,6.75,0,4,2,20,10.00,0,RB,7,,127,
405,Ben Obomanu,SEA,29,8,0,0,0,0,0,0,1,11,11.00,0,9,4,58,14.50,0,WR,7,,154,
406,Greg Jones,JAX,31,14,3,0,0,0,0,0,5,8,1.60,0,14,11,64,5.82,0,RB,7,,128,
407,Richard Gordon,OAK,25,13,1,0,0,0,0,0,0,0,,0,7,2,9,4.50,1,TE,7,,69,
408,Le'Ron McClain,SDG,28,16,9,0,0,0,0,0,14,42,3.00,0,10,8,29,3.63,0,RB,7,,129,
409,Rhett Ellison,MIN,24,16,7,0,0,0,0,0,0,0,,0,9,7,65,9.29,0,RB,7,,132,
410,Darius Reynaud,TEN,28,16,0,0,0,0,0,0,16,33,2.06,0,10,5,35,7.00,0,RB,7,,131,
411,Kahlil Bell,2TM,26,7,0,0,0,0,0,0,29,76,2.62,0,2,2,13,6.50,0,RB,7,,130,
412,Guy Whimper,JAX,29,16,6,0,0,0,0,0,0,0,,0,3,2,11,5.50,1,TE,7,,68,
413,Ladarius Green,SDG,22,4,1,0,0,0,0,0,0,0,,0,4,4,56,14.00,0,TE,6,,73,
414,Lavelle Hawkins,TEN,26,7,1,0,0,0,0,0,0,0,,0,11,5,62,12.40,0,WR,6,,157,
415,Michael Preston,TEN,23,4,0,0,0,0,0,0,0,0,,0,6,5,59,11.80,0,WR,6,,158,
416,Mike Johnson,ATL,25,16,1,0,0,0,0,0,0,0,,0,1,1,1,1.00,1,TE,6,,71,
417,Virgil Green,DEN,24,13,2,0,0,0,0,0,0,0,,0,6,5,63,12.60,0,TE,6,,70,
418,D.J. Williams,GNB,24,13,2,0,0,0,0,0,0,0,,0,15,7,57,8.14,0,TE,6,,72,
419,Lex Hilliard,2TM,28,14,9,0,0,0,0,0,9,33,3.67,0,9,4,23,5.75,0,RB,6,,135,
420,Chris Pressley,CIN,26,14,7,0,0,0,0,0,0,0,,0,3,1,1,1.00,1,RB,6,,134,
421,Cyrus Gray,KAN,23,10,0,0,0,0,0,0,7,44,6.29,0,3,2,18,9.00,0,RB,6,,133,
422,Ryan Whalen,CIN,23,9,0,0,0,0,0,0,0,0,,0,12,7,53,7.57,0,WR,5,,160,
423,Devon Wylie,KAN,24,6,1,0,0,0,0,0,0,0,,0,12,6,53,8.83,0,WR,5,,159,
424,Seyi Ajirotutu,SDG,25,3,1,0,0,0,0,0,0,0,,0,4,3,45,15.00,0,WR,5,,163,
425,Josh Cribbs*,CLE,29,16,2,0,0,0,0,0,6,42,7.00,0,11,7,63,9.00,0,WR,5,,164,
426,Brandon Banks,WAS,25,12,0,0,0,0,0,0,7,36,5.14,0,8,8,15,1.88,0,WR,5,,162,
427,Randy McMichael,SDG,33,16,10,0,0,0,0,0,0,0,,0,13,9,51,5.67,0,WR,5,,161,
428,Alex Smith,CLE,30,12,2,0,0,0,0,0,0,0,,0,18,13,47,3.62,0,TE,5,,77,
429,Taylor Thompson,TEN,23,16,4,0,0,0,0,0,0,0,,0,14,6,46,7.67,0,TE,5,,78,
430,Isaiah Pead,STL,23,15,1,0,0,0,0,0,10,54,5.40,0,4,3,16,5.33,0,RB,5,,136,
431,Roy Helu,WAS,24,3,0,0,0,0,0,0,2,2,1.00,0,7,7,45,6.43,0,RB,5,,137,
432,Quinn Johnson,TEN,26,16,8,0,0,0,0,0,4,5,1.25,0,8,5,40,8.00,0,RB,5,,138,
433,David Paulson,PIT,23,16,5,0,0,0,0,0,0,0,,0,11,7,51,7.29,0,TE,5,,74,
434,Steve Maneri,KAN,24,13,8,0,0,0,0,0,0,0,,0,12,5,51,10.20,0,TE,5,,75,
435,Garrett Celek,SFO,24,13,0,0,0,0,0,0,0,0,,0,7,4,51,12.75,0,TE,5,,76,
436,Toney Clemons,JAX,24,4,0,0,0,0,0,0,0,0,,0,11,3,41,13.67,0,WR,4,,169,
437,Ruvell Martin,BUF,30,14,0,0,0,0,0,0,0,0,,0,6,4,41,10.25,0,WR,4,,168,
438,John Carlson,MIN,28,14,6,0,0,0,0,0,0,0,,0,14,8,43,5.38,0,TE,4,,79,
439,Charly Martin,SEA,28,4,1,0,0,0,0,0,0,0,,0,6,4,42,10.50,0,WR,4,,167,
440,Arrelious Benn,TAM,24,8,1,0,0,0,0,0,3,16,5.33,0,6,4,26,6.50,0,WR,4,,166,
441,Bernard Scott,CIN,28,2,0,0,0,0,0,0,8,35,4.38,0,0,0,0,,0,RB,4,,143,
442,Jerome Felton*,MIN,26,16,7,0,0,0,0,0,0,0,,0,4,3,35,11.67,0,RB,4,,142,
443,Anthony Sherman,ARI,24,14,4,0,0,0,0,0,0,0,,0,8,5,39,7.80,0,RB,4,,140,
444,Kyle Adams,CHI,24,15,2,0,0,0,0,0,0,0,,0,8,4,40,10.00,0,RB,4,,139,
445,Nate Eachus,KAN,22,11,2,0,0,0,0,0,5,18,3.60,0,3,1,19,19.00,0,RB,4,,141,
446,Greg Camarillo,NOR,30,5,0,0,0,0,0,0,0,0,,0,5,4,44,11.00,0,WR,4,,165,
447,Travaris Cadet,NOR,23,13,0,0,0,0,0,0,1,5,5.00,0,8,5,44,8.80,0,RB,3,,146,
448,Johnny White,2TM,24,7,0,0,0,0,0,0,8,34,4.25,0,,0,0,,0,RB,3,,144,
449,Javon Ringer,TEN,25,2,0,0,0,0,0,0,2,14,7.00,0,5,3,12,4.00,0,RB,3,,147,
450,Ben Hartsock,CAR,32,15,5,0,0,0,0,0,0,0,,0,3,2,30,15.00,0,TE,3,,81,
451,Mike McNeill,STL,24,14,1,0,0,0,0,0,0,0,,0,7,4,31,7.75,0,TE,3,,80,
452,David Nelson,BUF,26,1,1,0,0,0,0,0,0,0,,0,5,2,31,15.50,0,WR,3,,173,
453,Taiwan Jones,OAK,24,14,0,0,0,0,0,0,6,21,3.50,0,2,2,11,5.50,0,RB,3,,145,
454,Kris Adams,IND,25,3,0,0,0,0,0,0,0,0,,0,8,2,26,13.00,0,WR,3,,177,
455,Jarrett Boykin,GNB,23,10,0,0,0,0,0,0,0,0,,0,6,5,27,5.40,0,WR,3,,176,
456,T.J. Yates,HOU,25,4,0,4,10,38,0,1,2,-1,-0.50,1,0,0,0,,0,QB,3,,55,
457,Matt Leinart,OAK,29,2,0,16,33,115,0,1,0,0,,0,0,0,0,,0,QB,3,,56,
458,Deonte Thompson,BAL,23,6,0,0,0,0,0,0,0,0,,0,6,5,51,10.20,0,WR,3,,171,
459,Andre Caldwell,DEN,27,8,0,0,0,0,0,0,1,14,14.00,0,4,1,18,18.00,0,WR,3,,170,
460,Jermaine Kearse,SEA,22,7,1,0,0,0,0,0,0,0,,0,7,3,31,10.33,0,WR,3,,172,
461,Jerrel Jernigan,NYG,23,9,0,0,0,0,0,0,1,6,6.00,0,5,3,22,7.33,0,WR,3,,174,
462,Eric Weems,CHI,27,16,1,0,0,0,0,0,0,0,,0,4,2,27,13.50,0,WR,3,,175,
463,Collin Mooney,TEN,26,2,0,0,0,0,0,0,5,19,3.80,0,0,0,0,,0,RB,2,,151,
464,Evan Rodriguez,CHI,24,12,5,0,0,0,0,0,0,0,,0,8,4,21,5.25,0,RB,2,,149,
465,Alfonso Smith,ARI,25,11,0,0,0,0,0,0,0,0,,0,3,2,21,10.50,0,RB,2,,150,
466,Kregg Lumpkin,NYG,28,5,0,0,0,0,0,0,9,42,4.67,0,2,0,0,,0,RB,2,,148,
467,Jake O'Connell,KAN,27,8,0,0,0,0,0,0,0,0,,0,3,3,18,6.00,0,TE,2,,83,
468,Hayden Smith,NYJ,27,5,0,0,0,0,0,0,0,0,,0,1,1,16,16.00,0,TE,2,,84,
469,Weslye Saunders,IND,23,11,4,0,0,0,0,0,0,0,,0,4,2,15,7.50,0,TE,2,,85,
470,Jim Dray,ARI,26,13,0,0,0,0,0,0,0,0,,0,2,2,15,7.50,0,TE,2,,86,
471,Cory Harkey,STL,22,5,0,0,0,0,0,0,0,0,,0,2,1,21,21.00,0,TE,2,,82,
472,Chris Owusu,TAM,22,5,0,0,0,0,0,0,0,0,,0,4,1,24,24.00,0,WR,2,,178,
473,Chase Daniel,NOR,26,16,0,1,1,10,0,0,3,17,5.67,0,0,0,0,,0,QB,2,,60,
474,Matt Flynn,SEA,27,3,0,5,9,68,0,0,4,-5,-1.25,0,0,0,0,,0,QB,2,,59,
475,Bruce Gradkowski,CIN,29,3,0,5,11,65,0,0,4,-2,-0.50,0,0,0,0,,0,QB,2,,57,
476,Derek Anderson,CAR,29,2,0,4,4,58,0,0,0,0,,0,0,0,0,,0,QB,2,,58,
477,Mardy Gilyard,2TM,26,8,0,0,0,0,0,0,0,0,,0,6,2,15,7.50,0,WR,2,,180,
478,Dan Orlovsky,TAM,29,1,0,4,7,51,0,0,0,0,,0,0,0,0,,0,QB,2,,61,
479,Dezmon Briscoe,WAS,23,7,0,0,0,0,0,0,1,1,1.00,0,5,2,22,11.00,0,WR,2,,179,
480,Allen Reisner,2TM,24,6,2,0,0,0,0,0,0,0,,0,,1,13,13.00,0,TE,1,,87,
481,Dominique Jones,IND,25,4,1,0,0,0,0,0,0,0,,0,1,1,8,8.00,0,TE,1,,91,
482,Zach Potter,JAX,26,16,5,0,0,0,0,0,0,0,,0,7,2,6,3.00,0,TE,1,,95,
483,Chris Cooley,WAS,30,9,2,0,0,0,0,0,0,0,,0,3,1,8,8.00,0,TE,1,,92,
484,Tommy Gallarda,ATL,24,9,0,0,0,0,0,0,0,0,,0,4,1,7,7.00,0,TE,1,,93,
485,Isaiah Stanback,JAX,28,2,0,0,0,0,0,0,0,0,,0,1,1,6,6.00,0,TE,1,,96,
486,Evan Moore,2TM,27,15,1,0,0,0,0,0,0,0,,0,8,1,6,6.00,0,TE,1,,94,
487,Rusty Smith,TEN,25,1,0,3,5,34,0,0,0,0,,0,0,0,0,,0,QB,1,,62,
488,Tyler Thigpen,BUF,28,4,0,3,5,30,0,0,1,-1,-1.00,0,0,0,0,,0,QB,1,,63,
489,Trent Edwards,PHI,29,1,0,2,2,14,0,0,0,0,,0,1,0,0,,0,QB,1,,64,
490,Will Ta'ufo'ou,JAX,26,6,1,0,0,0,0,0,0,0,,0,1,1,5,5.00,0,RB,1,,165,
491,Dan Herron,CIN,23,3,0,0,0,0,0,0,4,5,1.25,0,1,0,0,,0,RB,1,,164,
492,Shaun Chapas,DET,24,3,1,0,0,0,0,0,0,0,,0,2,1,6,6.00,0,RB,1,,163,
493,Brandon Jacobs,SFO,30,2,0,0,0,0,0,0,5,7,1.40,0,0,0,0,,0,RB,1,,161,
494,Reagan Maui'a,ARI,28,3,1,0,0,0,0,0,0,0,,0,,1,7,7.00,0,RB,1,,162,
495,Robert Hughes,IND,23,5,1,0,0,0,0,0,1,5,5.00,0,1,1,3,3.00,0,RB,1,,158,
496,Jordan Todman,JAX,22,1,0,0,0,0,0,0,3,8,2.67,0,1,1,0,0.00,0,RB,1,,159,
497,Lousaka Polite,ATL,31,6,5,0,0,0,0,0,0,0,,0,7,1,8,8.00,0,RB,1,,160,
498,Corey McIntyre,BUF,33,16,3,0,0,0,0,0,0,0,,0,2,1,9,9.00,0,RB,1,,157,
499,Da'Rel Scott,NYG,24,4,0,0,0,0,0,0,6,9,1.50,0,0,0,0,,0,RB,1,,156,
500,Matt Asiata,MIN,25,16,0,0,0,0,0,0,3,9,3.00,0,1,1,2,2.00,0,RB,1,,155,
501,Chris Gronkowski,DEN,26,14,0,0,0,0,0,0,0,0,,0,1,1,11,11.00,0,RB,1,,154,
502,Keiland Williams,2TM,26,14,0,0,0,0,0,0,2,3,1.50,0,,2,9,4.50,0,RB,1,,153,
503,David Gilreath,PIT,24,3,0,0,0,0,0,0,1,7,7.00,0,2,0,0,,0,WR,1,,187,
504,Stefan Logan,DET,31,16,0,0,0,0,0,0,3,17,5.67,0,7,6,28,4.67,0,RB,1,,166,
505,Jonathan Grimes,3TM,23,11,2,0,0,0,0,0,2,6,3.00,0,,2,7,3.50,0,RB,1,,152,
506,Sammie Stroughter,TAM,26,3,0,0,0,0,0,0,0,0,,0,2,1,14,14.00,0,WR,1,,181,
507,Chase Coffman,ATL,26,5,0,0,0,0,0,0,0,0,,0,1,1,11,11.00,0,TE,1,,89,
508,Jordan White,NYJ,24,3,0,0,0,0,0,0,0,0,,0,3,1,13,13.00,0,WR,1,,182,
509,Anthony Armstrong,2TM,29,6,0,0,0,0,0,0,0,0,,0,,3,12,4.00,0,WR,1,,183,
510,Austin Collie,IND,27,1,0,0,0,0,0,0,0,0,,0,1,1,6,6.00,0,WR,1,,190,
511,Andre Holmes,DAL,24,7,0,0,0,0,0,0,0,0,,0,2,2,11,5.50,0,WR,1,,184,
512,Ryan Taylor,GNB,25,16,1,0,0,0,0,0,0,0,,0,1,1,11,11.00,0,TE,1,,90,
513,Courtney Roby,NOR,29,13,0,0,0,0,0,0,0,0,,0,2,1,9,9.00,0,WR,1,,185,
514,LaRon Byrd,ARI,23,4,0,0,0,0,0,0,0,0,,0,2,1,8,8.00,0,WR,1,,186,
515,Dane Sanzenbacher,2TM,24,7,2,0,0,0,0,0,0,0,,0,,1,7,7.00,0,WR,1,,188,
516,Preston Parker,TAM,25,2,0,0,0,0,0,0,1,7,7.00,0,2,0,0,,0,WR,1,,189,
517,Kellen Winslow,NWE,29,1,0,0,0,0,0,0,0,0,,0,2,1,12,12.00,0,TE,1,,88,
518,Armond Smith,CAR,26,4,0,0,0,0,0,0,3,0,0.00,0,0,0,0,,0,RB,,,188,
519,Caleb Hanie,DEN,27,,,0,0,0,0,0,0,0,,0,,0,0,,0,,,,72,
520,Josh McCown,CHI,33,,,0,0,0,0,0,0,0,,0,,0,0,,0,,,,77,
521,James-Michael Johnson,CLE,23,11,8,0,0,0,0,0,0,0,,0,0,0,0,,0,QB,,,75,
522,Tarvaris Jackson,BUF,29,0,0,0,0,0,0,0,0,0,,0,,0,0,,0,,,,68,
523,Owen Schmitt,OAK,27,13,4,0,0,0,0,0,2,1,0.50,0,0,0,0,,0,RB,,,168,
524,Charlie Whitehurst,SDG,30,,,0,0,0,0,0,0,0,,0,,0,0,,0,,,,70,
525,Dominique Davis,ATL,23,1,0,0,0,0,0,0,0,0,,0,,0,0,,0,QB,,,76,
526,Jimmy Clausen,CAR,25,,,0,0,0,0,0,0,0,,0,,0,0,,0,,,,69,
527,Dennis Dixon,BAL,27,,,0,0,0,0,0,0,0,,0,,0,0,,0,,,,73,
528,Rex Grossman,WAS,32,,,0,0,0,0,0,0,0,,0,,0,0,,0,,,,67,
529,Joe Webb,MIN,26,1,0,0,0,0,0,0,1,-1,-1.00,0,0,0,0,,0,QB,,,78,
530,Luke McCown,ATL,31,2,0,0,0,0,0,0,2,-3,-1.50,0,0,0,0,,0,QB,,,79,
531,Owen Marecic,CLE,24,10,2,0,0,0,0,0,0,0,,0,5,0,0,,0,RB,,,180,
532,Javarris James,ARI,25,,,0,0,0,0,0,0,0,,0,,0,0,,0,,,,179,
533,Jordan Palmer,JAX,28,,,0,0,0,0,0,0,0,,0,,0,0,,0,,,,71,
534,Drew Stanton,IND,28,,,0,0,0,0,0,0,0,,0,,0,0,,0,,,,74,
535,Terrance Ganaway,STL,24,3,0,0,0,0,0,0,0,0,,0,,0,0,,0,RB,,,181,
536,Brandon Saine,GNB,24,6,0,0,0,0,0,0,0,0,,0,0,0,0,,0,RB,,,171,
537,Emil Igwenagu,PHI,23,3,1,0,0,0,0,0,0,0,,0,0,0,0,,0,RB,,,172,
538,Antone Smith,ATL,27,13,0,0,0,0,0,0,0,0,,0,1,0,0,,0,RB,,,189,
539,Deji Karim,IND,26,3,0,0,0,0,0,0,0,0,,0,0,0,0,,0,RB,,,173,
540,Tony Fiammetta,NWE,26,,,0,0,0,0,0,0,0,,0,,0,0,,0,,,,191,
541,Jeremiah Johnson,DEN,25,,,0,0,0,0,0,0,0,,0,,0,0,,0,,,,178,
542,Josh Vaughan,ATL,26,,,0,0,0,0,0,0,0,,0,,0,0,,0,,,,176,
543,Jerome Harrison,DET,29,,,0,0,0,0,0,0,0,,0,,0,0,,0,,,,175,
544,Michael Smith,TAM,24,1,0,0,0,0,0,0,0,0,,0,0,0,0,,0,RB,,,169,
545,Patrick DiMarco,KAN,23,5,4,0,0,0,0,0,0,0,,0,1,0,0,,0,RB,,,193,
546,Richie Brockel,CAR,26,16,0,0,0,0,0,0,0,0,,0,1,0,0,,0,RB,,,182,
547,James Develin,NWE,24,1,0,0,0,0,0,0,0,0,,0,0,0,0,,0,RB,,,190,
548,John Griffin,NYJ,24,1,0,0,0,0,0,0,0,0,,0,,0,0,,0,RB,,,174,
549,Kellen Clemens,STL,29,2,0,1,3,39,0,1,2,5,2.50,0,0,0,0,,0,QB,,,66,
550,David Carr,NYG,33,2,0,2,3,19,0,0,3,-3,-1.00,0,0,0,0,,0,QB,,,65,
551,Chris Polk,PHI,23,7,0,0,0,0,0,0,0,0,,0,0,0,0,,0,RB,,,194,
552,Lonyae Miller,BAL,24,,,0,0,0,0,0,0,0,,0,,0,0,,0,,,,192,
553,Tyler Clutts,HOU,28,16,0,0,0,0,0,0,0,0,,0,0,0,0,,0,RB,,,186,
554,John Conner,2TM,25,5,2,0,0,0,0,0,0,0,,0,2,0,0,,0,RB,,,185,
555,Darren Evans,TEN,24,1,0,0,0,0,0,0,0,0,,0,,0,0,,0,RB,,,177,
556,Javarris Williams,WAS,26,,,0,0,0,0,0,0,0,,0,,0,0,,0,,,,183,
557,Ryan Torain,NYG,26,2,0,0,0,0,0,0,0,0,,0,0,0,0,,0,RB,,,195,
558,Devin Moore,DET,27,,,0,0,0,0,0,0,0,,0,,0,0,,0,,,,187,
559,Jahvid Best,DET,23,,,0,0,0,0,0,0,0,,0,,0,0,,0,,,,184,
560,Allen Bradford,SEA,24,1,0,0,0,0,0,0,0,0,,0,0,0,0,,0,RB,,,170,
561,Marcus Thigpen,MIA,26,16,0,0,0,0,0,0,1,8,8.00,0,2,1,15,15.00,0,RB,,,167,
562,Michael Higgins,NOR,25,2,1,0,0,0,0,0,0,0,,0,1,1,-3,-3.00,0,TE,,,131,
563,Nate Solder,NWE,24,16,16,0,0,0,0,0,0,0,,0,0,0,0,,0,TE,,,104,
564,Richard Quinn,CIN,26,,,0,0,0,0,0,0,0,,0,,0,0,,0,,,,128,
565,Kyle Miller,2TM,24,1,0,0,0,0,0,0,0,0,,0,,0,0,,0,TE,,,118,
566,Will Yeatman,MIA,24,4,0,0,0,0,0,0,0,0,,0,,0,0,,0,TE,,,117,
567,Jonathan Scott,CHI,29,12,7,0,0,0,0,0,0,0,,0,0,0,0,,0,TE,,,123,
568,Mickey Shuler,OAK,26,,,0,0,0,0,0,0,0,,0,,0,0,,0,,,,127,
569,Travis Beckum,NYG,25,4,0,0,0,0,0,0,0,0,,0,1,0,0,,0,TE,,,103,
570,Michael Egnew,MIA,23,2,0,0,0,0,0,0,0,0,,0,,0,0,,0,TE,,,122,
571,Danny Noble,TAM,23,4,0,0,0,0,0,0,0,0,,0,,0,0,,0,TE,,,129,
572,Cameron Morrah,SEA,25,,,0,0,0,0,0,0,0,,0,,0,0,,0,,,,107,
573,Jake Ballard,NWE,25,,,0,0,0,0,0,0,0,,0,,0,0,,0,,,,125,
574,Visanthe Shiancoe,NWE,32,4,0,0,0,0,0,0,0,0,,0,1,0,0,,0,TE,,,100,
575,Riley Reiff,DET,24,16,8,0,0,0,0,0,0,0,,0,0,0,0,,0,TE,,,126,
576,Donald Stephenson,KAN,24,16,7,0,0,0,0,0,0,0,,0,0,0,0,,0,TE,,,110,
577,Andrew Quarless,GNB,24,,,0,0,0,0,0,0,0,,0,,0,0,,0,,,,111,
578,Brian Jennings,SFO,36,16,0,0,0,0,0,0,0,0,,0,,0,0,,0,TE,,,114,
579,Dennis Roland,CIN,29,16,2,0,0,0,0,0,0,0,,0,0,0,0,,0,TE,,,130,
580,Sean McGrath,SEA,25,2,0,0,0,0,0,0,0,0,,0,,0,0,,0,TE,,,113,
581,Jeron Mastrud,MIA,25,14,1,0,0,0,0,0,0,0,,0,,0,0,,0,TE,,,98,
582,Jamie McCoy,PIT,25,1,0,0,0,0,0,0,0,0,,0,,0,0,,0,TE,,,102,
583,Eric Olsen,NOR,24,16,4,0,0,0,0,0,0,0,,0,0,0,0,,0,TE,,,115,
584,Charles Brown,NOR,25,10,3,0,0,0,0,0,0,0,,0,0,0,0,,0,TE,,,99,
585,Sean Locklear,NYG,31,12,10,0,0,0,0,0,0,0,,0,0,0,0,,0,TE,,,120,
586,Martin Rucker,KAN,27,,,0,0,0,0,0,0,0,,0,,0,0,,0,,,,124,
587,Clark Harris,CIN,28,16,0,0,0,0,0,0,0,0,,0,,0,0,,0,TE,,,101,
588,Adrien Robinson,NYG,23,2,0,0,0,0,0,0,0,0,,0,,0,0,,0,TE,,,105,
589,Brandon Barden,TEN,23,3,0,0,0,0,0,0,0,0,,0,0,0,0,,0,TE,,,119,
590,Mike Leach,ARI,36,16,0,0,0,0,0,0,0,0,,0,,0,0,,0,TE,,,121,
591,Will Beatty,NYG,27,16,15,0,0,0,0,0,0,0,,0,1,0,0,,0,TE,,,112,
592,Tony Hills,IND,28,6,1,0,0,0,0,0,0,0,,0,0,0,0,,0,TE,,,109,
593,Julius Thomas,DEN,24,4,0,0,0,0,0,0,0,0,,0,,0,0,,0,TE,,,108,
594,Billy Bajema,BAL,30,8,1,0,0,0,0,0,0,0,,0,1,0,0,,0,TE,,,116,
595,Kory Sperry,ARI,27,1,0,0,0,0,0,0,0,0,,0,,0,0,,0,TE,,,106,
596,Brad Smelley,CLE,23,2,0,0,0,0,0,0,0,0,,0,1,1,3,3.00,0,TE,,,97,
597,Jerrell Jackson,JAX,22,1,0,0,0,0,0,0,0,0,,0,,0,0,,0,WR,,,198,
598,A.J. Jenkins,SFO,23,3,0,0,0,0,0,0,0,0,,0,1,0,0,,0,WR,,,195,
599,Dominique Curry,DET,25,,,0,0,0,0,0,0,0,,0,,0,0,,0,,,,207,
600,Lance Long,DET,27,,,0,0,0,0,0,0,0,,0,,0,0,,0,,,,213,
601,Mike Brown,JAX,23,2,1,0,0,0,0,0,0,0,,0,1,0,0,,0,WR,,,211,
602,Kamar Aiken,NWE,23,1,0,0,0,0,0,0,0,0,,0,,0,0,,0,WR,,,196,
603,Taylor Price,JAX,25,,,0,0,0,0,0,0,0,,0,,0,0,,0,,,,202,
604,Jeff Maehl,HOU,23,,,0,0,0,0,0,0,0,,0,,0,0,,0,,,,208,
605,Marvin McNutt,PHI,23,4,0,0,0,0,0,0,0,0,,0,2,0,0,,0,WR,,,212,
606,Junior Hemingway,KAN,24,1,0,0,0,0,0,0,0,0,,0,,0,0,,0,WR,,,201,
607,Quan Cosby,JAX,30,2,0,0,0,0,0,0,0,0,,0,0,0,0,,0,WR,,,203,
608,George Wilson,BUF,31,16,16,0,0,0,0,0,0,0,,0,0,0,0,,0,WR,,,210,
609,Greg Salas,2TM,24,1,0,0,0,0,0,0,0,0,,0,,0,0,,0,WR,,,224,
610,Kerry Meier,ATL,26,,,0,0,0,0,0,0,0,,0,,0,0,,0,,,,218,
611,Ricardo Lockette,SFO,26,,,0,0,0,0,0,0,0,,0,,0,0,,0,,,,205,
612,LaQuan Williams,BAL,24,11,0,0,0,0,0,0,0,0,,0,0,0,0,,0,WR,,,222,
613,Legedu Naanee,MIA,29,4,1,0,0,0,0,0,0,0,,0,5,1,19,19.00,0,WR,,,225,
614,Trindon Holliday,2TM,26,15,0,0,0,0,0,0,0,0,,0,2,2,17,8.50,0,WR,,,226,
615,Kevin Cone,ATL,24,12,0,0,0,0,0,0,0,0,,0,1,0,0,,0,WR,,,214,
616,Duke Calhoun,OAK,25,,,0,0,0,0,0,0,0,,0,,0,0,,0,,,,206,
617,Richard Goodman,SDG,25,7,0,0,0,0,0,0,0,0,,0,2,0,0,,0,WR,,,219,
618,Kassim Osgood,DET,32,16,0,0,0,0,0,0,0,0,,0,0,0,0,,0,WR,,,199,
619,Patrick Turner,NYJ,25,2,0,0,0,0,0,0,0,0,,0,5,0,0,,0,WR,,,192,
620,Joe Anderson,CHI,24,3,0,0,0,0,0,0,0,0,,0,0,0,0,,0,WR,,,223,
621,Deon Butler,SEA,26,1,0,0,0,0,0,0,0,0,,0,,0,0,,0,WR,,,216,
622,Matt Slater*,NWE,27,16,0,0,0,0,0,0,0,0,,0,0,0,0,,0,WR,,,193,
623,Roscoe Parrish,TAM,30,13,0,0,0,0,0,0,0,0,,0,0,0,0,,0,WR,,,191,
624,David Gettis,CAR,25,2,0,0,0,0,0,0,0,0,,0,,0,0,,0,WR,,,194,
625,Marcus Easley,BUF,25,3,0,0,0,0,0,0,0,0,,0,0,0,0,,0,WR,,,197,
626,David Douglas,TAM,23,1,0,0,0,0,0,0,0,0,,0,,0,0,,0,WR,,,209,
627,Shelley Smith,STL,25,15,8,0,0,0,0,0,0,0,,0,0,0,0,,0,WR,,,217,
628,Vincent Brown,SDG,23,,,0,0,0,0,0,0,0,,0,,0,0,,0,,,,215,
629,Adrian Arrington,NOR,27,,,0,0,0,0,0,0,0,,0,,0,0,,0,,,,200,
630,Jeremy Ross,GNB,24,5,0,0,0,0,0,0,0,0,,0,0,0,0,,0,WR,,,221,
631,Chad Hall,SFO,26,1,0,0,0,0,0,0,0,0,,0,,0,0,,0,,,,204,
632,Elbert Mack,NOR,26,7,2,0,0,0,0,0,0,0,,0,0,0,0,,0,WR,,,220,
633,Nathan Palmer,IND,23,5,0,0,0,0,0,0,0,0,,0,4,1,-4,-4.00,0,WR,,,227,
634,Brock Osweiler,DEN,22,5,0,2,4,12,0,0,8,-13,-1.63,0,0,0,0,,0,QB,-1,,80,
635,Dedrick Epps,NYJ,24,3,0,0,0,0,0,0,0,0,,0,1,1,9,9.00,0,TE,-1,,132,
636,Ted Ginn,SFO,27,13,0,0,0,0,0,0,1,7,7.00,0,2,2,1,0.50,0,WR,-1,,228,
637,Ryan Mallett,NWE,24,4,0,1,4,17,0,1,8,-9,-1.13,0,0,0,0,,0,QB,-2,,83,
638,Brit Miller,STL,26,9,1,0,0,0,0,0,0,0,,0,4,0,0,,0,RB,-2,,196,
639,Graham Harrell,GNB,27,4,0,2,4,20,0,0,4,-3,-0.75,0,0,0,0,,0,QB,-2,,81,
640,Josh Johnson,CLE,26,1,0,0,0,0,0,0,0,0,,0,,0,0,,0,QB,-2,,82,
641,Joe Adams,CAR,23,9,0,0,0,0,0,0,3,13,4.33,0,1,1,7,7.00,0,WR,-4,,229,
